URL,Primary keyword,SEO title,Meta description
/guides/ai-public-speaking-coach.html,AI public speaking coach,AI Public Speaking Coach: Practice Speeches with Smarter Feedback | SpeakLab,"Learn how an AI public speaking coach can help you practice speeches, presentations and pitches with repeatable rehearsal, audience simulation and feedback."
/guides/public-speaking-simulator.html,public speaking simulator,Public Speaking Simulator with an AI Audience | SpeakLab,"Practice presentations, speeches, interviews and pitches with SpeakLab, an AI public speaking simulator being built for realistic audience rehearsal and feedback."
/guides/public-speaking-practice.html,public speaking practice,Public Speaking Practice: A Repeatable Routine to Improve | SpeakLab,"Use this practical public speaking practice routine to improve delivery, confidence, clarity and presentation skills through focused repetition."
/guides/public-speaking-skills.html,public speaking skills,Public Speaking Skills: 10 Skills to Practice and Improve | SpeakLab,"Improve your public speaking skills with a practical breakdown of structure, clarity, pace, pauses, audience awareness, confidence and Q&A."
/guides/fear-of-public-speaking.html,fear of public speaking,Fear of Public Speaking: How to Practice with Less Pressure | SpeakLab,"Fear of public speaking is common. Learn practical ways to prepare, rehearse gradually and reduce uncertainty before presentations and speeches."
/guides/public-speaking-exercises.html,public speaking exercises,Public Speaking Exercises: 9 Drills to Improve Your Speaking | SpeakLab,"Try nine public speaking exercises for pacing, clarity, confidence, storytelling, impromptu speaking, Q&A and presentation practice."
/guides/presentation-skills.html,presentation skills,Presentation Skills: How to Speak Clearly and Keep Attention | SpeakLab,"Improve presentation skills with practical techniques for structure, delivery, audience awareness, slide use, confidence and Q&A."
/guides/public-speaking-for-beginners.html,public speaking for beginners,Public Speaking for Beginners: A Simple Step-by-Step Guide | SpeakLab,"A practical public speaking for beginners guide covering structure, rehearsal, nerves, delivery, practice and your first presentation."
/guides/speaking-with-confidence.html,speaking with confidence,Speaking with Confidence: Practical Ways to Feel More Prepared | SpeakLab,"Learn practical ways to build public speaking confidence through preparation, repetition, recovery practice, pacing and realistic rehearsal."
